,product,color,size,material
0,ABS 04-CONT. LT.1 50g,Verde,50g,ABS 04
1,ABS 04-CONT. LT.1 50g,Bianco,50g,ABS 04
2,ABS 04-CONT. LT.1 50g,Nero,50g,ABS 04
3,ABS 04-CONT. LT.1 55g,Nero,55g,ABS 04
4,ABS 04-CONT. LT.1 55g,Rosso,55g,ABS 04
5,ABS 04-CONT. LT.1 55g,Bianco,55g,ABS 04
6,ABS 04-CONT. LT.1 55g,Blu,55g,ABS 04
7,ABS 04-CONT. LT.1 60g,Verde,60g,ABS 04
8,ABS 04-CONT. LT.1 60g,Blu,60g,ABS 04
9,ABS 04-CONT. LT.1 65g,Blu,65g,ABS 04
10,ABS 04-CONT. LT.1 70g,Blu,70g,ABS 04
11,ABS 04-CONT. LT.1 70g,Nero,70g,ABS 04
12,PS 05-LT.1 50g,Rosso,70g,ABS 04
13,ABS 04-CONT. LT.1 70g,Verde,70g,ABS 04
14,ABS 04-CONT. LT.1 70g,Bianco,70g,ABS 04
15,ABS 04-CONT. LT.10 50g,Nero,50g,ABS 04
16,ABS 04-CONT. LT.10 50g,Blu,50g,ABS 04
17,ABS 04-CONT. LT.10 50g,Verde,50g,ABS 04
18,ABS 04-CONT. LT.10 50g,Bianco,50g,ABS 04
19,ABS 04-CONT. LT.10 55g,Blu,55g,ABS 04
20,PP 03-LT.5 65g,Bianco,55g,ABS 04
21,ABS 04-CONT. LT.10 60g,Verde,60g,ABS 04
22,ABS 04-CONT. LT.10 60g,Rosso,60g,ABS 04
23,ABS 04-CONT. LT.10 60g,Blu,60g,ABS 04
24,ABS 04-CONT. LT.10 60g,Nero,60g,ABS 04
25,ABS 04-CONT. LT.10 65g,Blu,65g,ABS 04
26,ABS 04-CONT. LT.10 65g,Bianco,65g,ABS 04
27,ABS 04-CONT. LT.10 65g,Nero,65g,ABS 04
28,ABS 04-CONT. LT.10 65g,Verde,65g,ABS 04
29,ABS 04-CONT. LT.10 70g,Verde,70g,ABS 04
30,ABS 04-CONT. LT.10 70g,Blu,70g,ABS 04
31,ABS 04-CONT. LT.10 70g,Nero,70g,ABS 04
32,ABS 04-CONT. LT.10 70g,Rosso,70g,ABS 04
33,ABS 04-CONT. LT.2 50g,Blu,50g,ABS 04
34,PE HD 02-LT.5 55g,Nero,50g,ABS 04
35,ABS 04-CONT. LT.2 55g,Nero,55g,ABS 04
36,ABS 04-CONT. LT.2 55g,Bianco,55g,ABS 04
37,ABS 04-CONT. LT.2 60g,Blu,60g,ABS 04
38,ABS 04-CONT. LT.2 60g,Nero,60g,ABS 04
39,ABS 04-CONT. LT.2 60g,Bianco,60g,ABS 04
40,ABS 04-CONT. LT.2 65g,Bianco,65g,ABS 04
41,ABS 04-CONT. LT.2 65g,Blu,65g,ABS 04
42,ABS 04-CONT. LT.2 65g,Nero,65g,ABS 04
43,ABS 04-CONT. LT.2 65g,Verde,65g,ABS 04
44,ABS 04-CONT. LT.2 70g,Nero,70g,ABS 04
45,ABS 04-CONT. LT.2 70g,Verde,70g,ABS 04
46,ABS 04-CONT. LT.2 70g,Rosso,70g,ABS 04
47,ABS 04-CONT. LT.5 50g,Nero,50g,ABS 04
48,ABS 04-CONT. LT.5 50g,Bianco,50g,ABS 04
49,ABS 04-CONT. LT.5 50g,Verde,50g,ABS 04
50,ABS 04-CONT. LT.5 50g,Rosso,50g,ABS 04
51,ABS 04-CONT. LT.5 55g,Rosso,55g,ABS 04
52,ABS 04-CONT. LT.5 55g,Nero,55g,ABS 04
53,ABS 04-CONT. LT.5 55g,Rosso,55g,ABS 04
54,ABS 04-CONT. LT.5 55g,Bianco,55g,ABS 04
55,PC 06-LT.1 50g,Verde,50g,ABS 04
56,ABS 04-CONT. LT.5 60g,Blu,65g,ABS 04
57,ABS 04-CONT. LT.5 60g,Nero,70g,ABS 04
58,ABS 04-CONT. LT.5 60g,Bianco,60g,ABS 04
59,ABS 04-CONT. LT.5 60g,Rosso,50g,ABS 04
60,ABS 04-CONT. LT.5 65g,Nero,70g,ABS 04
61,ABS 04-CONT. LT.5 65g,Blu,50g,ABS 04
62,ABS 04-CONT. LT.5 65g,Rosso,60g,ABS 04
63,ABS 04-CONT. LT.5 70g,Rosso,60g,ABS 04
64,ABS 04-CONT. LT.5 70g,Verde,65g,ABS 04
65,ABS 04-CONT. LT.5 70g,Nero,50g,ABS 04
66,PC 06-CONT. LT.1 50g,Bianco,50g,PC 06
67,PC 06-CONT. LT.1 55g,Bianco,55g,PC 06
68,PC 06-CONT. LT.1 55g,Blu,60g,PC 06
69,PC 06-CONT. LT.1 55g,Rosso,60g,PC 06
70,PC 06-CONT. LT.1 55g,Verde,60g,PC 06
71,PC 06-CONT. LT.1 60g,Blu,65g,PC 06
72,PC 06-CONT. LT.1 60g,Verde,60g,PC 06
73,PC 06-CONT. LT.1 60g,Bianco,60g,PC 06
74,PC 06-CONT. LT.1 60g,Nero,60g,PC 06
75,PC 06-CONT. LT.1 60g,Rosso,60g,PC 06
76,PC 06-CONT. LT.1 65g,Blu,65g,PC 06
77,PC 06-CONT. LT.1 65g,Bianco,65g,PC 06
78,PC 06-CONT. LT.1 65g,Nero,65g,PC 06
79,PC 06-CONT. LT.1 65g,Rosso,65g,PC 06
80,PC 06-CONT. LT.1 70g,Blu,70g,PC 06
81,ABS 04-LT.10 50g,Verde,70g,PC 06
82,PC 06-CONT. LT.1 70g,Bianco,70g,PC 06
83,PC 06-CONT. LT.10 50g,Bianco,50g,PC 06
84,PC 06-CONT. LT.10 50g,Nero,50g,PC 06
85,PC 06-CONT. LT.10 50g,Blu,50g,PC 06
86,PC 06-CONT. LT.10 50g,Rosso,50g,PC 06
87,PC 06-CONT. LT.10 55g,Bianco,55g,PC 06
88,PC 06-CONT. LT.10 55g,Verde,55g,PC 06
89,PC 06-CONT. LT.10 55g,Rosso,55g,PC 06
90,PC 06-CONT. LT.10 60g,Blu,60g,PC 06
91,PC 06-CONT. LT.10 60g,Rosso,60g,PC 06
92,PC 06-CONT. LT.10 65g,Bianco,65g,PC 06
93,PC 06-CONT. LT.10 65g,Blu,65g,PC 06
94,PC 06-CONT. LT.10 65g,Verde,65g,PC 06
95,PC 06-CONT. LT.10 70g,Blu,70g,PC 06
96,PC 06-CONT. LT.10 70g,Nero,70g,PC 06
97,PC 06-CONT. LT.10 70g,Verde,70g,PC 06
98,PC 06-CONT. LT.10 70g,Bianco,70g,PC 06
99,PC 06-CONT. LT.2 50g,Blu,50g,PC 06
100,PC 06-CONT. LT.2 50g,Verde,50g,PC 06
101,PC 06-CONT. LT.2 50g,Rosso,50g,PC 06
102,PC 06-CONT. LT.2 55g,Blu,55g,PC 06
103,PC 06-CONT. LT.2 55g,Rosso,55g,PC 06
104,PC 06-CONT. LT.2 55g,Verde,55g,PC 06
105,PC 06-CONT. LT.2 55g,Bianco,55g,PC 06
106,PC 06-CONT. LT.2 55g,Nero,55g,PC 06
107,ABS 04-LT.1 60g,Bianco,60g,PC 06
108,PC 06-CONT. LT.2 60g,Blu,60g,PC 06
109,PC 06-CONT. LT.2 60g,Nero,60g,PC 06
110,PC 06-CONT. LT.2 60g,Rosso,60g,PC 06
111,PS 05-LT.1 60g,Verde,60g,PC 06
112,PC 06-CONT. LT.2 65g,Bianco,65g,PC 06
113,PC 06-CONT. LT.2 65g,Blu,70g,PC 06
114,PC 06-CONT. LT.2 65g,Nero,60g,PC 06
115,PC 06-CONT. LT.2 65g,Verde,50g,PC 06
116,PC 06-CONT. LT.2 70g,Verde,65g,PC 06
117,PC 06-CONT. LT.2 70g,Blu,65g,PC 06
118,PC 06-CONT. LT.5 50g,Verde,55g,PC 06
119,PC 06-CONT. LT.5 50g,Bianco,50g,PC 06
120,PC 06-CONT. LT.5 50g,Blu,55g,PC 06
121,PC 06-CONT. LT.5 50g,Nero,55g,PC 06
122,PC 06-CONT. LT.5 55g,Verde,50g,PC 06
123,PC 06-CONT. LT.5 55g,Bianco,50g,PC 06
124,PC 06-CONT. LT.5 60g,Bianco,70g,PC 06
125,PC 06-CONT. LT.5 60g,Verde,70g,PC 06
126,PC 06-CONT. LT.5 60g,Blu,50g,PC 06
127,PC 06-CONT. LT.5 60g,Nero,55g,PC 06
128,PC 06-CONT. LT.5 65g,Blu,50g,PC 06
129,PC 06-CONT. LT.5 65g,Verde,60g,PC 06
130,ABS 04-LT.2 65g,Nero,65g,PC 06
131,PC 06-CONT. LT.5 65g,Bianco,70g,PC 06
132,PC 06-CONT. LT.5 70g,Nero,60g,PC 06
133,PC 06-CONT. LT.5 70g,Rosso,65g,PC 06
134,PC 06-CONT. LT.5 70g,Verde,50g,PC 06
135,PE HD 02-CONT. LT.1 50g,Blu,70g,PE HD 02
136,PE HD 02-CONT. LT.1 50g,Nero,60g,PE HD 02
137,PE HD 02-CONT. LT.1 50g,Rosso,60g,PE HD 02
138,PE HD 02-CONT. LT.1 50g,Verde,50g,PE HD 02
139,PE HD 02-CONT. LT.1 55g,Bianco,65g,PE HD 02
140,PE HD 02-CONT. LT.1 55g,Verde,60g,PE HD 02
141,PE HD 02-CONT. LT.1 55g,Rosso,65g,PE HD 02
142,PE HD 02-CONT. LT.1 60g,Bianco,50g,PE HD 02
143,PE HD 02-CONT. LT.1 60g,Blu,60g,PE HD 02
144,PE HD 02-CONT. LT.1 65g,Bianco,65g,PE HD 02
145,PE HD 02-CONT. LT.1 65g,Rosso,65g,PE HD 02
146,PE HD 02-CONT. LT.1 65g,Nero,65g,PE HD 02
147,PE HD 02-CONT. LT.1 70g,Verde,70g,PE HD 02
148,PE HD 02-CONT. LT.1 70g,Blu,70g,PE HD 02
149,PE HD 02-CONT. LT.1 70g,Nero,70g,PE HD 02
150,PE HD 02-CONT. LT.1 70g,Rosso,70g,PE HD 02
151,PE HD 02-CONT. LT.10 50g,Verde,50g,PE HD 02
152,PE HD 02-CONT. LT.10 50g,Nero,50g,PE HD 02
153,PE HD 02-CONT. LT.10 50g,Blu,50g,PE HD 02
154,PE HD 02-CONT. LT.10 55g,Bianco,55g,PE HD 02
155,PE HD 02-CONT. LT.10 55g,Blu,55g,PE HD 02
156,PE HD 02-CONT. LT.10 55g,Nero,55g,PE HD 02
157,PS 05-LT.5 70g,Verde,55g,PE HD 02
158,PE HD 02-CONT. LT.10 60g,Blu,60g,PE HD 02
159,PE HD 02-CONT. LT.10 60g,Nero,60g,PE HD 02
160,PE HD 02-CONT. LT.10 60g,Rosso,60g,PE HD 02
161,PE HD 02-CONT. LT.10 60g,Verde,60g,PE HD 02
162,PE HD 02-CONT. LT.10 60g,Bianco,60g,PE HD 02
163,PE HD 02-CONT. LT.10 65g,Nero,65g,PE HD 02
164,PE HD 02-CONT. LT.10 65g,Rosso,65g,PE HD 02
165,PE HD 02-CONT. LT.10 65g,Blu,65g,PE HD 02
166,PE HD 02-CONT. LT.10 65g,Verde,65g,PE HD 02
167,PE HD 02-CONT. LT.10 65g,Bianco,55g,PE HD 02
168,PE HD 02-CONT. LT.10 70g,Verde,70g,PE HD 02
169,PE HD 02-CONT. LT.10 70g,Bianco,70g,PE HD 02
170,PE HD 02-CONT. LT.10 70g,Nero,70g,PE HD 02
171,PE HD 02-CONT. LT.10 70g,Rosso,70g,PE HD 02
172,PE HD 02-CONT. LT.10 70g,Blu,70g,PE HD 02
173,PE HD 02-CONT. LT.2 50g,Bianco,50g,PE HD 02
174,ABS 04-LT.2 50g,Nero,50g,PE HD 02
175,PE HD 02-CONT. LT.2 50g,Blu,50g,PE HD 02
176,PE HD 02-CONT. LT.2 50g,Rosso,50g,PE HD 02
177,PE HD 02-CONT. LT.2 55g,Rosso,55g,PE HD 02
178,PE HD 02-CONT. LT.2 55g,Bianco,55g,PE HD 02
179,PE HD 02-CONT. LT.2 55g,Verde,55g,PE HD 02
180,PE HD 02-CONT. LT.2 55g,Blu,55g,PE HD 02
181,PE HD 02-CONT. LT.2 55g,Nero,55g,PE HD 02
182,PE HD 02-CONT. LT.2 60g,Verde,60g,PE HD 02
183,PE HD 02-CONT. LT.2 65g,Nero,65g,PE HD 02
184,PE HD 02-CONT. LT.2 65g,Rosso,65g,PE HD 02
185,PE HD 02-CONT. LT.2 65g,Blu,65g,PE HD 02
186,PE HD 02-CONT. LT.2 70g,Bianco,70g,PE HD 02
187,PE HD 02-CONT. LT.2 70g,Nero,70g,PE HD 02
188,PE HD 02-CONT. LT.2 70g,Verde,70g,PE HD 02
189,PE HD 02-CONT. LT.5 50g,Rosso,50g,PE HD 02
190,PE HD 02-CONT. LT.5 50g,Verde,50g,PE HD 02
191,PE HD 02-CONT. LT.5 50g,Blu,50g,PE HD 02
192,PE HD 02-CONT. LT.5 50g,Nero,50g,PE HD 02
193,PE HD 02-CONT. LT.5 50g,Nero,50g,PE HD 02
194,PE HD 02-CONT. LT.5 55g,Bianco,55g,PE HD 02
195,PE HD 02-CONT. LT.5 55g,Blu,55g,PE HD 02
196,PE HD 02-CONT. LT.5 55g,Rosso,55g,PE HD 02
197,PE HD 02-CONT. LT.5 55g,Verde,55g,PE HD 02
198,ABS 04-LT.1 70g,Blu,60g,PE HD 02
199,PE HD 02-CONT. LT.5 60g,Nero,60g,PE HD 02
200,PE HD 02-CONT. LT.5 60g,Rosso,60g,PE HD 02
201,PE HD 02-CONT. LT.5 65g,Blu,65g,PE HD 02
202,PE HD 02-CONT. LT.5 65g,Verde,65g,PE HD 02
203,PE HD 02-CONT. LT.5 65g,Nero,65g,PE HD 02
204,PE HD 02-CONT. LT.5 70g,Rosso,70g,PE HD 02
205,PE HD 02-CONT. LT.5 70g,Verde,70g,PE HD 02
206,PE HD 02-CONT. LT.5 70g,Blu,70g,PE HD 02
207,PE HD 02-CONT. LT.5 70g,Nero,70g,PE HD 02
208,PE HD 02-CONT. LT.5 70g,Bianco,70g,PE HD 02
209,PET 01-CONT. LT.1 50g,Verde,50g,PET 01
210,PE HD 02-LT.10 50g,Bianco,50g,PET 01
211,PET 01-CONT. LT.1 50g,Nero,50g,PET 01
212,PET 01-CONT. LT.1 50g,Rosso,50g,PET 01
213,PET 01-CONT. LT.1 55g,Verde,55g,PET 01
214,PET 01-CONT. LT.1 60g,Nero,60g,PET 01
215,PET 01-CONT. LT.1 60g,Blu,60g,PET 01
216,PET 01-CONT. LT.1 60g,Bianco,60g,PET 01
217,PET 01-CONT. LT.1 65g,Blu,65g,PET 01
218,PET 01-CONT. LT.1 65g,Bianco,65g,PET 01
219,PET 01-CONT. LT.1 65g,Nero,65g,PET 01
220,PET 01-CONT. LT.1 65g,Verde,65g,PET 01
221,PET 01-CONT. LT.1 70g,Nero,70g,PET 01
222,PET 01-CONT. LT.1 70g,Bianco,70g,PET 01
223,PET 01-CONT. LT.10 50g,Bianco,50g,PET 01
224,PET 01-CONT. LT.10 50g,Rosso,50g,PET 01
225,PET 01-CONT. LT.10 50g,Blu,50g,PET 01
226,PET 01-CONT. LT.10 55g,Rosso,55g,PET 01
227,PET 01-CONT. LT.10 55g,Verde,55g,PET 01
228,PET 01-CONT. LT.10 55g,Nero,55g,PET 01
229,PET 01-CONT. LT.10 60g,Nero,60g,PET 01
230,PET 01-CONT. LT.10 60g,Bianco,60g,PET 01
231,PET 01-CONT. LT.10 60g,Blu,60g,PET 01
232,PET 01-CONT. LT.10 65g,Rosso,65g,PET 01
233,PET 01-CONT. LT.10 65g,Nero,65g,PET 01
234,PET 01-CONT. LT.10 65g,Blu,65g,PET 01
235,PET 01-CONT. LT.10 70g,Verde,70g,PET 01
236,PET 01-CONT. LT.10 70g,Blu,70g,PET 01
237,PET 01-CONT. LT.10 70g,Rosso,70g,PET 01
238,PET 01-CONT. LT.10 70g,Bianco,70g,PET 01
239,PET 01-CONT. LT.10 70g,Nero,70g,PET 01
240,PE HD 02-LT.2 65g,Rosso,50g,PET 01
241,PET 01-CONT. LT.2 50g,Verde,50g,PET 01
242,PET 01-CONT. LT.2 50g,Bianco,60g,PET 01
243,PET 01-CONT. LT.2 55g,Nero,55g,PET 01
244,PET 01-CONT. LT.2 55g,Bianco,55g,PET 01
245,PET 01-CONT. LT.2 55g,Verde,55g,PET 01
246,PET 01-CONT. LT.2 60g,Rosso,60g,PET 01
247,PET 01-CONT. LT.2 60g,Nero,60g,PET 01
248,PET 01-CONT. LT.2 65g,Nero,65g,PET 01
249,PET 01-CONT. LT.2 65g,Blu,65g,PET 01
250,PET 01-CONT. LT.2 65g,Rosso,65g,PET 01
251,PET 01-CONT. LT.2 70g,Bianco,70g,PET 01
252,PET 01-CONT. LT.2 70g,Blu,70g,PET 01
253,PET 01-CONT. LT.2 70g,Rosso,70g,PET 01
254,PET 01-CONT. LT.5 50g,Nero,50g,PET 01
255,PET 01-CONT. LT.5 50g,Blu,50g,PET 01
256,PET 01-CONT. LT.5 50g,Verde,50g,PET 01
257,PET 01-CONT. LT.5 50g,Bianco,50g,PET 01
258,PET 01-CONT. LT.5 55g,Nero,55g,PET 01
259,PET 01-CONT. LT.5 55g,Bianco,55g,PET 01
260,PET 01-CONT. LT.5 60g,Nero,60g,PET 01
261,PET 01-CONT. LT.5 60g,Blu,60g,PET 01
262,PET 01-CONT. LT.5 60g,Verde,60g,PET 01
263,PET 01-LT.1 55g,Bianco,60g,PET 01
264,PP 03-LT.10 70g,Verde,65g,PET 01
265,PP 03-LT.10 70g,Bianco,65g,PET 01
266,PET 01-CONT. LT.5 65g,Nero,65g,PET 01
267,PET 01-CONT. LT.5 65g,Blu,65g,PET 01
268,PET 01-CONT. LT.5 65g,Rosso,65g,PET 01
269,PET 01-CONT. LT.5 70g,Nero,70g,PET 01
270,PET 01-CONT. LT.5 70g,Bianco,70g,PE HD 02
271,PET 01-CONT. LT.5 70g,Blu,70g,PET 01
272,PET 01-CONT. LT.5 70g,Rosso,70g,PET 01
273,PP 03-CONT. LT.1 50g,Bianco,50g,PP 03
274,PP 03-CONT. LT.1 50g,Rosso,50g,PP 03
275,PP 03-CONT. LT.1 50g,Verde,50g,PP 03
276,PP 03-CONT. LT.1 55g,Verde,55g,PP 03
277,PP 03-CONT. LT.1 55g,Nero,55g,PP 03
278,PP 03-CONT. LT.1 60g,Rosso,60g,PP 03
279,PP 03-CONT. LT.1 60g,Verde,60g,PP 03
280,PP 03-CONT. LT.1 60g,Bianco,60g,PP 03
281,PP 03-CONT. LT.1 60g,Blu,60g,PP 03
282,PP 03-CONT. LT.1 65g,Nero,65g,PP 03
283,PP 03-CONT. LT.1 65g,Blu,65g,PP 03
284,PP 03-CONT. LT.1 65g,Rosso,65g,PP 03
285,PP 03-CONT. LT.1 65g,Verde,65g,PP 03
286,PP 03-CONT. LT.1 70g,Blu,70g,ABS 04
287,PP 03-CONT. LT.1 70g,Verde,70g,PP 03
288,PP 03-CONT. LT.1 70g,Rosso,70g,PP 03
289,PP 03-CONT. LT.1 70g,Bianco,70g,PP 03
290,PP 03-CONT. LT.10 50g,Blu,50g,PP 03
291,PP 03-CONT. LT.10 50g,Rosso,50g,PP 03
292,PP 03-CONT. LT.10 50g,Verde,50g,PP 03
293,PP 03-CONT. LT.10 50g,Nero,55g,PP 03
294,PP 03-CONT. LT.10 50g,Bianco,50g,PP 03
295,PP 03-CONT. LT.10 55g,Bianco,55g,PP 03
296,PP 03-CONT. LT.10 55g,Blu,55g,PP 03
297,PP 03-CONT. LT.10 55g,Nero,55g,PP 03
298,PP 03-CONT. LT.10 55g,Rosso,55g,PP 03
299,PP 03-CONT. LT.10 60g,Bianco,60g,PP 03
300,PP 03-CONT. LT.10 60g,Nero,60g,PP 03
301,PP 03-CONT. LT.10 65g,Verde,65g,PP 03
302,PP 03-CONT. LT.10 65g,Blu,65g,PP 03
303,PP 03-CONT. LT.10 65g,Rosso,65g,PP 03
304,PP 03-CONT. LT.10 70g,Verde,70g,PP 03
305,PP 03-CONT. LT.10 70g,Blu,70g,PP 03
306,PP 03-CONT. LT.2 50g,Rosso,50g,PP 03
307,PP 03-CONT. LT.2 50g,Bianco,50g,PP 03
308,PP 03-CONT. LT.2 50g,Verde,50g,PP 03
309,PP 03-CONT. LT.2 50g,Blu,50g,PP 03
310,PP 03-CONT. LT.2 55g,Nero,55g,PP 03
311,PP 03-CONT. LT.2 55g,Rosso,55g,PP 03
312,PP 03-CONT. LT.2 55g,Verde,55g,PP 03
313,ABS 04-LT.1 55g,Nero,60g,PP 03
314,PP 03-CONT. LT.2 60g,Bianco,60g,PP 03
315,PP 03-CONT. LT.2 60g,Blu,60g,PP 03
316,PP 03-CONT. LT.2 65g,Nero,65g,PP 03
317,PP 03-CONT. LT.2 65g,Verde,65g,PP 03
318,PP 03-CONT. LT.2 65g,Rosso,65g,PP 03
319,PE HD 02-LT.10 65g,Bianco,65g,PP 03
320,PP 03-CONT. LT.2 65g,Verde,65g,PP 03
321,PP 03-CONT. LT.2 70g,Bianco,70g,PP 03
322,PP 03-CONT. LT.2 70g,Nero,70g,PP 03
323,PP 03-CONT. LT.2 70g,Verde,70g,PP 03
324,PP 03-CONT. LT.2 70g,Blu,70g,PP 03
325,PP 03-CONT. LT.5 50g,Rosso,50g,PP 03
326,PP 03-CONT. LT.5 50g,Verde,50g,PP 03
327,PP 03-CONT. LT.5 50g,Bianco,50g,PP 03
328,PP 03-CONT. LT.5 55g,Blu,55g,PP 03
329,PP 03-CONT. LT.5 55g,Bianco,55g,PP 03
330,PET 01-LT.5 70g,Nero,55g,PP 03
331,PP 03-CONT. LT.5 55g,Nero,55g,PP 03
332,PP 03-CONT. LT.5 55g,Rosso,55g,PP 03
333,PP 03-CONT. LT.5 60g,Rosso,60g,PP 03
334,PP 03-CONT. LT.5 60g,Verde,60g,PS 05
335,PP 03-CONT. LT.5 60g,Bianco,60g,PP 03
336,PP 03-CONT. LT.5 65g,Bianco,65g,PP 03
337,PP 03-CONT. LT.5 65g,Rosso,65g,PP 03
338,PP 03-CONT. LT.5 65g,Verde,65g,PP 03
339,PC 06-LT.2 55g,Giallo,65g,PP 03
340,PP 03-CONT. LT.5 65g,Verde,65g,PP 03
341,PP 03-CONT. LT.5 70g,Rosso,70g,PP 03
342,PP 03-CONT. LT.5 70g,Verde,70g,PP 03
343,PP 03-CONT. LT.5 70g,Nero,70g,PP 03
344,PP 03-CONT. LT.5 70g,Nero,70g,PP 03
345,PP 03-CONT. LT.5 70g,Rosso,70g,PP 03
346,PS 05-CONT. LT.1 50g,Verde,50g,PS 05
347,PS 05-CONT. LT.1 50g,Giallo,50g,PS 05
348,PS 05-CONT. LT.1 55g,Verde,55g,PS 05
349,PS 05-CONT. LT.1 55g,Giallo,55g,PS 05
350,PS 05-CONT. LT.1 55g,Verde,55g,PS 05
351,PC 06-LT.5 70g,Nero,60g,PS 05
352,PS 05-CONT. LT.1 60g,Verde,60g,PS 05
353,PS 05-CONT. LT.1 60g,Giallo,60g,PS 05
354,PS 05-CONT. LT.1 60g,Giallo,60g,PS 05
355,PS 05-CONT. LT.1 60g,Rosso,60g,PS 05
356,PS 05-CONT. LT.1 65g,Verde,65g,PS 05
357,PS 05-CONT. LT.1 65g,Giallo,65g,PS 05
358,PS 05-CONT. LT.1 70g,Giallo,70g,PS 05
359,PS 05-CONT. LT.1 70g,Bianco,70g,PS 05
360,PS 05-CONT. LT.10 50g,Giallo,50g,PS 05
361,PS 05-CONT. LT.10 50g,Giallo,50g,PS 05
362,PC 06-LT.5 60g,Rosso,50g,PS 05
363,PS 05-CONT. LT.10 55g,Rosso,55g,PS 05
364,PS 05-CONT. LT.10 55g,Bianco,55g,PS 05
365,PS 05-CONT. LT.10 55g,Nero,55g,PS 05
366,PS 05-CONT. LT.10 60g,Nero,60g,PS 05
367,PS 05-CONT. LT.10 60g,Giallo,60g,PS 05
368,PS 05-CONT. LT.10 60g,Giallo,60g,PS 05
369,PS 05-CONT. LT.10 65g,Nero,65g,PS 05
370,PS 05-CONT. LT.10 65g,Nero,65g,PS 05
371,PS 05-CONT. LT.10 65g,Rosso,65g,PS 05
372,PS 05-CONT. LT.10 70g,Verde,70g,PS 05
373,PS 05-CONT. LT.10 70g,Verde,70g,PS 05
374,PS 05-CONT. LT.10 70g,Giallo,70g,PS 05
375,PS 05-CONT. LT.2 50g,Verde,50g,PS 05
376,PS 05-CONT. LT.2 50g,Giallo,50g,PS 05
377,PS 05-CONT. LT.2 50g,Rosso,50g,PS 05
378,PS 05-CONT. LT.2 55g,Giallo,55g,PS 05
379,PS 05-CONT. LT.2 55g,Rosso,55g,PS 05
380,PP 03-LT.5 70g,Verde,55g,PS 05
381,PS 05-CONT. LT.2 55g,Rosso,55g,PS 05
382,PS 05-CONT. LT.2 60g,Rosso,60g,PS 05
383,PS 05-CONT. LT.2 60g,Rosso,60g,PS 05
384,PS 05-CONT. LT.2 60g,Nero,60g,PS 05
385,PS 05-CONT. LT.2 60g,Bianco,60g,PS 05
386,PS 05-CONT. LT.2 65g,Verde,65g,PS 05
387,PS 05-CONT. LT.2 65g,Blu,65g,PS 05
388,PS 05-CONT. LT.2 65g,Nero,65g,PS 05
389,PS 05-CONT. LT.2 65g,Rosso,65g,PS 05
390,PS 05-CONT. LT.2 70g,Blu,70g,PS 05
391,ABS 04-LT.1 55g,Bianco,70g,PS 05
392,PS 05-CONT. LT.2 70g,Rosso,70g,PS 05
393,PS 05-CONT. LT.2 70g,Nero,70g,PS 05
394,PS 05-CONT. LT.5 50g,Blu,50g,PS 05
395,PS 05-CONT. LT.5 50g,Nero,50g,PS 05
396,PS 05-CONT. LT.5 50g,Rosso,50g,PS 05
397,PS 05-CONT. LT.5 55g,Bianco,55g,PS 05
398,PS 05-CONT. LT.5 55g,Rosso,55g,PS 05
399,PS 05-CONT. LT.5 55g,Blu,55g,PS 05
400,PP 03-LT.2 65g,Verde,55g,PS 05
401,PS 05-CONT. LT.5 60g,Verde,60g,PS 05
402,PS 05-CONT. LT.5 65g,Nero,65g,PS 05
403,PS 05-CONT. LT.5 65g,Rosso,65g,PS 05
404,PS 05-CONT. LT.5 70g,Nero,70g,PS 05
405,PS 05-CONT. LT.5 70g,Blu,70g,PS 05
